website,emp_count,title
https://www.tutleandtutle.com/,117,Analyst
https://www.usmayors.org/,63,Consultant
https://www.unwin-co.com/,25,Founder
https://www.twinsbuickgmc.com/,57,CTO
https://www.valeogroupe.com/,60,Consultant
https://www.umponline.com/,25,President
https://www.liveunitedanc.org/,43,President
https://www.unitednursery.com/,99,Analyst
https://www.unsi.net/,9999,Managing Partner
https://www.tvtechmanagers.com/,192,Program Manager
https://www.valefoodco.com/,64,Program Manager
https://www.unlimitedlogistics.net/,60,Marketing Director
https://www.vsuarez.com/,603,Program Manager
https://www.tw-security.com/,25,President
https://www.usacomplaints.com/,31,Founder
https://www.twinpikefamilyymca.org/,87,Creative Lead
https://www.unitedwaygkc.org/,102,Lead Developer
https://www.tsbbanking.com/,76,Consultant
https://www.urc-chs.com/,974,Founder
https://www.universitytees.com/,900,Manager
https://www.4tsl.com/,78,Director
https://www.tuumplatform.com/,70,Marketing Director
https://www.vaaler.com/,90,Secretary
https://www.zeroturnaround.com/,184,Marketing Director
https://www.tfocpa.com/,25,CTO
https://www.utfoundation.org/,146146,Consultant
https://www.unitedmetroenergy.com/,113,Product Manager
https://www.vtransgroup.com/,2510,Program Manager
https://www.tuscaloosanews.com/,177,Solutions Architect
https://www.usexpressintl.com/,25,Solutions Architect
https://www.vakifbank.com.tr/,18579,Secretary
https://www.tv2.dk/,2500,Account Manager
https://www.unitedtechnicalinc.com/,25,Lead Developer
https://www.utmedicalcenter.org/,8154,Director
https://www.twcservices.com/,3400,Director
https://d.umn.edu/,684,Analyst
https://www.uniz.com/,103,CTO
https://www.valco-ind.com/,59,Solutions Architect
https://www.unitedpetroleum.com.au/,2491,CEO
https://www.unityal.com/,31,Marketing Director
https://www.unitedpower.com/,128,Solutions Architect
https://www.usstove.com/,116,Manager
https://www.zestmoney.in/,400,CEO
https://www.zbestlimo.com/,30,Secretary
https://www.utili-serve.com/,164,Director
https://www.tse-international.com/,70,Manager
https://www.usedc.com/,93,Product Manager
https://www.uscotton.com/,696,Consultant
https://www.tsaadvet.com/,25,Account Manager
https://www.unitedmerchant.com/,88,Founder
https://www.tulmar.com/,70,Creative Lead
https://www.umobile.edu/,316,Secretary
https://www.uway.org/,32,Creative Lead
https://www.weldingschool.com/,120,CTO
https://www.valentino.com/,1656,CTO
https://www.usscgroup.com/,300,Managing Partner
https://www.unitedplanet.org/,25,Secretary
https://www.twentyeast.com/,2525,Lead Developer
https://www.unitedwayncfl.org/,25,Program Manager
https://www.vaclaimsinsider.com/,263,Founder
https://www.tulsapeople.com/,3232,Solutions Architect
https://www.usaemi.com/,25,Marketing Director
https://www.umfwv.org/,25,Account Manager
https://www.utgins.com/,40,Lead Developer
https://www.vadatech.com/,274,Product Manager
https://www.unitedwaywb.org/,25,Managing Partner
https://www.usafilmfestival.com/,45,Managing Partner
https://www.tti.com/,80008000,Marketing Director
https://www.unitedsci.com/,28,President
https://www.usacustom.com/,25,Product Manager
https://www.usabuscharter.com/,26,Product Manager
https://www.zeomega.com/,600,Secretary
https://www.uselectricalcorp.com/,103,Marketing Director
https://www.unitedsafety.net/,644,Director
https://www.tujia.com/,4705,Program Manager
https://www.twincitygaragedoor.com/,55,Director
https://www.uticacoffeeroasting.com/,25,Creative Lead
https://www.uwkern.org/,25,Creative Lead
https://www.untitledsupperclub.com/,175,Marketing Director
https://www.vgbnd.co/,25,Marketing Director
https://www.unitydisposal.net/,111,Marketing Director
https://www.unlimited-robotics.com/,25,Founder
https://www.uwsimcoemuskoka.ca/,25,Product Manager
https://www.unizen.io/,25,Managing Partner
https://www.tvguide.com/,124,President
https://www.unitronics.com/,163,Director
https://www.vsoftcorp.com/,2158,Creative Lead
https://www.tvpx.com/,25,Founder
https://www.uncom-milw.org/,25,CEO
https://www.zuelligpharma.com/,12000,Secretary
https://www.uoflhealth.org/,13000,Secretary
https://www.uobam.com.sg/,28659,Manager
https://www.unitedwayshr.org/,38,Creative Lead
https://www.zionclouds.com/,250,Manager
https://www.zs.com/,13000,Analyst
https://www.twinmonkeys.net/,25,CEO
https://www.v7labs.com/,116,Marketing Director
https://www.zbyte.io/,38,Account Manager
https://www.usa.net/,274,Analyst
https://www.unmfund.org/,129,Director
https://www.unlimitedsportssolutions.com/,35,Product Manager
https://www.tuckerintlusa.com/,25,Manager
https://www.uvrc.com/,122,Director
https://www.vtov.kr/,25,Marketing Director
https://www.unitii.ca/,30,Creative Lead
https://www.uthct.edu/,747,Program Manager
https://www.tsigroup.com/,50,Founder
https://www.tusklogistics.com/,25,Secretary
https://www.zachryconstruction.com/,47,Product Manager
https://www.uxpin.com/,40,Creative Lead
https://www.zpryme.com/,40,Lead Developer
https://www.usdigitalmedia.com/,2525,Manager
https://www.unominda.com/,3752,Lead Developer
https://ummc.care/,470,Consultant
https://www.utilitytechnologies.net/,29,Managing Partner
https://www.zinnia.com/,1500,Manager
https://www.uwmqt.org/,25,Secretary
https://www.tulip.co/,310,CTO
https://www.urbanmine.ca/,34,CEO
https://www.unitedstatesaviation.com/,25,Lead Developer
https://www.santabarbaraunity.org/,25,Solutions Architect
https://www.uwsatx.org/,117,Manager
https://www.unitel.mn/,717,Marketing Director
https://www.universitypharmacy.ca/,116,President
https://www.ziphq.com/,250,Analyst
https://www.zackinpublications.com/,25,Program Manager
https://www.valentinecoffeeco.com/,25,Account Manager
https://www.urbint.com/,108,CEO
https://www.unitycourier.com/,486,President
https://www.uwflorence.org/,25,Secretary
https://www.urgohotels.com/,155,Account Manager
https://www.unitedwayem.org/,2525,Managing Partner
https://www.uniteller.com/,138,Product Manager
https://www.utilityboise.com/,102,Manager
https://www.twinfarms.com/,86,President
https://www.tundrafmp.com/,500,President
https://www.zaginteractive.com/,85,Managing Partner
https://www.unito.it/,1587,CTO
https://www.tsebo.com/,3200032000,Account Manager
https://www.whas11.com/,135,Solutions Architect
https://www.zionpark.org/,30,Manager
https://www.tucsongreyhound.com/,49,Managing Partner
https://www.tundratechnical.ca/,244,CTO
https://www.twinotter.com/,27,Program Manager
https://www.unitedpipeline.com/,248,Founder
https://www.tnuck.com/,2626,CTO
https://www.zep.com/,2000,Lead Developer
https://www.usadutchinc.com/,5656,Managing Partner
https://www.usequityfunding.com/,2525,Consultant
https://www.united-medicalcenter.com/,80,Consultant
https://www.buildunity.com/,50,Manager
https://www.usahealthsystem.com/,299,CTO
https://www.usengineering.com/,645645,Lead Developer
https://www.tuckerpaving.com/,220,Secretary
https://www.unitedteleservice.com/,14121412,Managing Partner
https://www.usacouriers.com/,26212621,Marketing Director
https://www.valentigroup.com/,92,Consultant
https://www.twinresources.com/,78,Secretary
https://www.tandtproduce.com/,68,CEO
https://www.tsrgrow.com/,25,Consultant
https://www.thecontactcenter.com/,146,Program Manager
https://www.twilighthomesnm.com/,2525,CEO
https://www.uwaytbay.ca/,25,Director
https://www.zamiadesign.com/,25,CTO
https://www.tweemade.com/,25,Founder
https://www.twinportspaper.com/,25,Consultant
https://www.unitednetworksofamerica.com/,102,CTO
https://www.ziojohnosonline.com/,25,President
https://www.tushauscpa.com/,25,Analyst
https://www.vaalco.com/,189,Secretary
https://www.twendesolar.org/,2525,Program Manager
https://www.tssphotography.com/,349,Consultant
https://www.unitedwayaustin.org/,128,Creative Lead
https://www.unitusccu.com/,289,Solutions Architect
https://www.unlimited-air.com/,25,Managing Partner
https://www.twinmountainfence.com/,25,Manager
https://www.tuscaloosacap.org/,63,Marketing Director
https://www.unitedwayswla.org/,25,CTO
https://www.usadiving.org/,25,Analyst
https://www.unitedwaynefl.org/,115,Solutions Architect
https://www.tshow.com/,25,Solutions Architect
https://www.tucsonpartyrentals.com/,25,Creative Lead
https://www.calgaryunitedway.org/,188,Founder
https://www.tselectricinc.biz/,340,Managing Partner
https://www.unitedsecurityagency.com/,70,Lead Developer
https://www.tsilabstx.com/,25,Marketing Director
https://www.uppet.com/,97,Program Manager
https://www.twilio.com/,5867,Program Manager
https://www.ucdevelopment.org/,25,CEO
https://www.zinzino.com/,232,Consultant
https://www.usajet.aero/,1000,Managing Partner
https://www.vguard.in/,26352635,Solutions Architect
https://www.utilitiesunlimitedinc.com/,33,Solutions Architect
https://www.twmetals.com/,1500,Product Manager
https://www.stjosephunitedway.org/,25,Analyst
https://www.zacbrownband.com/,63,Program Manager
https://www.tulsamedicallab.com/,68,Managing Partner
https://www.valucheminc.com/,25,CTO
https://www.unitedstarsaerospace.com/,25,Program Manager
https://www.vacomsystems.com/,2525,Secretary
https://www.universityvwmazda.com/,97,CTO
https://www.vacasa.com/,6400,Solutions Architect
https://www.twin-metals.com/,26,Manager
https://www.unlockhealthnow.com/,25,President
https://www.ustservice.com/,93,Manager
https://www.uoftbookstore.com/,75,Solutions Architect
https://www.urbantrans.com/,25,Account Manager
https://www.universitytireandauto.com/,25,Marketing Director
https://www.atozag.ca/,32,Secretary
https://www.occsafety.com/,85,Account Manager
https://www.twistbioscience.com/,919,Manager
https://www.tukaiz.com/,167,Consultant
https://www.utilitytristate.com/,136,Director
https://www.ztarmobile.com/,2525,President
https://www.teamusa.org/usa-bobsled-skeleton,25,Analyst
https://www.uwlafayette.org/,25,Consultant
https://www.unitedservicesgroup.ca/,112,Director
https://www.usfarathane.com/,5284,Solutions Architect
https://www.usamdt.com/,9898,Managing Partner
https://www.unitedrealestate.com/,2100,Founder
https://www.vac2go.com/,25,Analyst
https://www.universityassociatespc.com/,25,Manager
https://www.zafferanoamerica.com/,25,Program Manager
https://www.usddrilling.com/,25,Product Manager
https://www.zephyraluminum.com/,93,Manager
https://www.tulsajewishretirement.com/,189,Director
https://www.unitedprivatecar.com/,25,CTO
https://www.unitedwayck.org/,25,Product Manager
https://www.uscloud.com/,86,Product Manager
https://www.unitedproductionandconstruction.com/,78,Creative Lead
https://www.utzsnacks.com/,3400,Marketing Director
https://www.tulsatrailer.com/,27,President
https://www.unlimitedbiking.com/,119,President
https://www.unityhouseofdavenport.org/,25,Director
https://www.zampsolar.com/,30,Creative Lead
https://www.unlimitedrecovery.com/,69,Program Manager
https://www.zipproducts.us/,25,Director
https://www.zquared.com/,5252,Program Manager
https://www.zervaccess.com/,25,Managing Partner
https://www.usapulses.org/,25,CEO
https://www.tsaprocessing.com/,111,Creative Lead
https://www.zeon.co.jp/,51315131,Creative Lead
https://www.twf-industries.com/,33,CTO
https://www.tuffybrooks.com/,2525,President
https://www.tsladventures.net/,122,Creative Lead
https://www.zucchetti.com/,8000,Managing Partner
https://www.unitedpacificenergy.com/,3434,CTO
https://www.evstone.net/,50,CTO
https://www.unitedhq.com/,10000,Account Manager
https://www.ttx.com/,2511,Creative Lead
https://www.504lending.com/,25,Managing Partner
https://www.zinpro.com/,500,Lead Developer
https://www.trcscouting.org/,25,President
https://www.zinwell.com.tw/,2648,Consultant
https://www.untapped.cc/,25,President
https://www.uwbec.org/,72,CTO
https://www.zestjuiceco.com/,38,Managing Partner
https://www.tubulargroup.com/,25,CEO
https://www.tspinc.com/,363,CEO
https://www.vale.com/,66807,Creative Lead
https://www.unnatiagri.com/,199,President
https://www.uscremationequipment.com/,28,Marketing Director
https://www.valencengs.com/,25,Secretary
https://www.ttgimagingsolutions.com/,250,Founder
https://www.utilityenergyservices.com/,25,Marketing Director
https://www.vstar.in/,272,Account Manager
https://www.ztdist.com/,26,Secretary
https://www.tukios.com/,57,Product Manager
https://www.mailing.com/,63,Director
https://www.nufcu.org/,32,Analyst
https://www.uwci.org/,121121,Founder
https://www.univision.com/,4500,Product Manager
https://www.zipwater.com/,590590,Creative Lead
https://www.uwpv.org/,31,Manager
https://www.unitedwaytopeka.org/,25,Lead Developer
https://nebraskapress.unl.edu/,197,Product Manager
https://www.unspun.io/,34,Solutions Architect
https://www.unitedwireless.com/,147,Account Manager
https://www.tvsscs.com/,18000,Product Manager
https://www.tep.com/,1675,Program Manager
https://www.naruscrubs.com/,25,Marketing Director
https://www.zkb.ch/,51455145,Marketing Director
https://www.tscan.com/,175,CEO
https://www.tuacahn.org/,87,Secretary
https://www.zachryconstructioncorp.com/,2320,Program Manager
https://www.twinfallscanal.com/,74,Consultant
https://www.unitedservicesinc.net/,450,Program Manager
https://www.techvalleyconsults.com/,25,Lead Developer
https://www.unitedway-weld.org/,104,Solutions Architect
https://www.unitelinc.com/,25,Solutions Architect
https://www.unrealsnacks.com/,29,Consultant
https://www.uwsk.org/,25,Lead Developer
https://www.umm.net/,80,Consultant
https://www.ummaonline.com/,25,Director
https://www.usdisplaygroup.com/,378,Managing Partner
https://www.ucspower.com/,103,Lead Developer
https://www.uriach.com/,738,Managing Partner
https://www.tutera.com/,12631263,Solutions Architect
https://www.unitedwayerie.org/,27,Creative Lead
https://www.usweldingcorp.net/,34,Director
https://www.zinnov.com/,325,Founder
https://www.mrhandymantucson.com/,39,Secretary
https://www.vacationtourandtravel.com/,83,Program Manager
https://www.uwgp.com/,37,CEO
https://www.upilab.com/,25,Solutions Architect
https://www.unimi.it/,3367,Consultant
https://www.unitel.co.ao/,356,Account Manager
https://www.twegen.com/,25,Lead Developer
https://www.zacharypiper.com/,280,CEO
https://www.vacava.com/,25,Director
https://www.uttamgalva.com/,875,Consultant
https://www.valen.com/,42,CTO
https://www.usnrg.com/,37,Product Manager
https://www.unitedway-cny.org/,36,Account Manager
https://www.zdscada.com/,50,Director
https://www.unlimiteddesigns.com/,30,Account Manager
https://www.tuellercounseling.com/,94,Analyst
https://www.paytweed.com/,37,Manager
https://www.tscelite.com/,54,President
https://www.unitedsports.net/,117,Product Manager
https://www.unitedstaging.com/,25,Consultant
https://www.tbmc.com/,106,Lead Developer
https://www.upasolutions.com/,941,Manager
https://www.tst911.com/,130,Account Manager
https://www.tsebrakes.com/,104,Marketing Director
https://www.uwgk.org/,37,Director
https://www.tuttbryant.com.au/,598,Solutions Architect
https://www.vaskywire.com/,25,Analyst
https://www.zapitmedical.com/,25,CTO
https://www.uobgroup.com/,32338,President
https://www.twincityhyundai.com/,109,Lead Developer
https://www.urbanbuiltllc.com/,33,Director
https://www.ussfcu.org/,9797,CTO
https://www.unityfitnesspro.com/,25,Analyst
https://www.zestlabs.com/,25,President
https://www.v3gate.com/,40,Managing Partner
https://www.valant.io/,50,Manager
https://www.vacpacproduce.com/,25,Creative Lead
https://www.ymvunitedway.org/,25,Director
https://www.upandrunningsoftware.com/,76,Manager
https://www.unitedreuse.com/,28,Program Manager
https://www.urbansitter.com/,632,Account Manager
https://www.tulsacf.org/,2525,Solutions Architect
https://www.zion-rc.com/,25,Lead Developer
https://www.unitedwaygp.org/,36,Marketing Director
https://www.usdigital.com/,90,CEO
https://www.twinhead.com.tw/,34,Marketing Director
https://www.valeotopeka.org/,390,Creative Lead
https://www.unknwn.com/,38,Manager
https://www.unitedway.org/,286,Account Manager
https://www.tungstenheavypowder.com/,2525,Program Manager
https://www.unitedscripts.com/,235,Solutions Architect
https://www.nufoundation.org/,85,Product Manager
https://www.urbandaddy.com/,71,Consultant
https://www.utilidata.com/,3636,Consultant
https://www.usenergy.com/,25,CEO
https://www.tvwd.org/,102,Secretary
https://www.ttm.com/,15800,President
https://www.zepfcenter.org/,375,Manager
https://www.zrsmanagement.com/,1604,Program Manager
https://www.zipari.com/,162,Manager
https://www.tsingtao.com.cn/,30687,Solutions Architect
https://www.tstech.co.jp/,15356,Consultant
https://www.tscmiami.com/,298,President
https://www.unitedwayelpaso.org/,39,Lead Developer
https://www.tuscancpa.com/,25,Product Manager
https://www.ucatexas.com/,39,President
https://www.tuckerkirby.com/,37,Program Manager
https://www.tauw.org/,25,President
https://www.usachoice.net/,25,Marketing Director
https://www.unitedteleports.com/,68,President
https://www.utiliquest.com/,1779,CTO
https://www.twinfallschamber.com/,25,Analyst
https://www.umwa.org/,89,Lead Developer
https://www.utiliscorp.com/,36,Account Manager
https://www.wmcdothan.net/,4848,CTO
https://www.usadebusk.com/,544,Managing Partner
https://www.tungco.com/,36,CTO
https://www.tvsdesign.com/,158,Secretary
https://www.tvh.com/,5000,Manager
https://www.upfp.com/,161,Analyst
https://www.tumet.com/,25,Director
https://www.valcomfg.com/,278,President
https://www.ttec.com/,60000,Consultant
https://www.newmexicowrestling-usa.com/,172172,Product Manager
https://www.mytvs.in/,1000010000,Lead Developer
https://www.zipfastener.com/,25,Creative Lead
https://www.tubosreunidosgroup.com/,1387,Creative Lead
https://www.uus.coop/,35,Consultant
https://www.twinvee.com/,90,Managing Partner
https://www.unitedweb.com/,1500,Consultant
https://www.vaimo.com/,650,Creative Lead
https://www.tumbleweedrestaurants.com/,2985,CEO
https://www.tse-systems.com/,67,Consultant
https://www.tuesdayhealth.com/,25,Marketing Director
https://www.uns.com/,1992,Manager
https://www.zipexpress.com/,37,CEO
https://www.usip.org/,295,Solutions Architect
https://www.umaryland.edu/,7129,CTO
https://www.gotomybill.com/,25,Director
https://www.vadxx.com/,25,Manager
https://www.tulsametalfinishing.com/,25,President
https://www.tweetgarot.com/,699,Lead Developer
https://www.vac-formingunlimited.com/,25,Manager
https://www.tuckertransportation.com/,25,Founder
https://www.tuffwraps.com/,25,CEO
https://www.tsipower.com/,25,Account Manager
https://www.tucsoncommercialcarpet.com/,25,Lead Developer
https://www.zapier.com/,800,Marketing Director
https://www.usab.com/,68,CTO
https://www.vacavillechamber.com/,25,Managing Partner
https://www.tsubaki-nakashima.com/,3066,Consultant
https://www.umcom.org/,102,Account Manager
https://www.uwsmithcounty.org/,25,CTO
https://www.usagamingsupplies.com/,25,Director
https://www.tvone.tv/,147,Creative Lead
https://www.usbsinc.com/,95,Solutions Architect
https://www.usarc.org/,104,President
https://www.tubularsteel.com/,438,Director
https://www.useye.com/,1000,Analyst
https://www.usfastpitch.com/,73,Founder
https://www.umiamihealth.org/,1800,Managing Partner
https://www.valentinos.com/,27,Director
https://www.twinpineford.com/,89,Manager
https://www.united-tool.com/,25,Product Manager
https://www.tv4.se/,454,CTO
https://www.zinoxtechnologies.com/,670,Creative Lead
https://www.va811.com/,78,CTO
https://www.universitypccare.com/,25,Product Manager
https://www.unitedtitanium.com/,104,Director
https://www.uscomplianceservices.org/,2929,Manager
https://www.tssgroup.com.cn/,37480,Account Manager
https://www.halkbank.com.tr/,22219,Marketing Director
https://www.zuken.com/,1476,Creative Lead
https://www.methodistfoundationar.org/,70,CTO
https://www.zanesvilleart.org/,25,Program Manager
https://www.unityhealth.to/,1000010000,Solutions Architect
https://www.uupinfo.org/,25,Director
https://www.tuschamber.com/,800,Program Manager
https://www.unitedwires.com.sa/,640,Lead Developer
https://www.zageno.com/,130,Manager
https://www.usainsulation.net/,133,President
https://www.uwlc-ms.org/,25,Director
https://www.zerys.com/,25,Marketing Director
https://www.urbanecafe.com/,82,Founder
https://www.twinriverwwholdings.com/,57,Manager
https://www.twstucco.com/,2727,Managing Partner
https://www.unitedsupermarkets.com/,18000,Marketing Director
https://www.univ-rennes1.fr/,4500,Program Manager
https://www.unitedsurgicalassociates.com/,61,Marketing Director
https://www.uofmhealth.org/,45024,Solutions Architect
https://www.zachrynuclear.com/,64,Creative Lead
https://www.goodbox.in/,25,Managing Partner
https://www.zesthealth.com/,25,Account Manager
https://www.tsrhockey.com/,25,Managing Partner
https://www.unitedsurgicalltd.com/,207,President
https://www.tsuutinanation.com/,182,Analyst
https://www.usms.org/,75,Analyst
https://www.tucsonembedded.com/,70,Managing Partner
https://www.unitedservices.net/,25,Consultant
https://www.usacycling.org/,136,CTO
https://www.tucsoncontainer.com/,94,CEO
https://www.tuckahoeortho.com/,120,Program Manager
https://www.zionoil.com/,25,Founder
https://www.veiusa.com/,172,Founder
https://www.unitedparks.com/,3300,Director
https://www.uweca.org/,25,President
https://www.zionbuffalo.org/,99,Program Manager
https://www.uwasc.org/,96,Consultant
https://www.usequipment.com/,28,Account Manager
https://www.tullyluxurytravel.com/,61,Solutions Architect
https://www.zinkfsg.com/,100,Account Manager
https://www.twincocapital.com/,26,Solutions Architect
https://www.tufenkian.com/,82,Founder
https://www.unitedwaygmwc.org/,120,President
https://www.tubeart.com/,133,Managing Partner
https://www.zerotech.com/,604,CEO
https://www.usamortgage.com/,504504,Creative Lead
https://www.universoulcircus.com/,92,Account Manager
https://www.tandthonda.ca/,150,Creative Lead
https://www.unitybank.com/,165,Director
https://www.unitedwayrrv.org/,25,Secretary
https://www.27global.com/,62,Program Manager
https://www.twincitysheetmetal.com/,31,Managing Partner
https://www.uproducers.com/,137,Lead Developer
https://www.usamco.com/,8383,Marketing Director
https://www.uni-foundation.org/,104,Consultant
https://www.tvland.com/,319,Creative Lead
https://www.valens.com/,241,Marketing Director
https://www.variskservices.com/,2525,Marketing Director
https://www.uwcentralcarolinas.org/,83,CTO
https://www.unitedwirelessgroup.com/,25,Director
https://www.uwm.com/,6700,Program Manager
https://www.urbanstems.com/,100,Account Manager
https://www.tvtdiecast.com/,29,Secretary
https://www.unitedrebar.com/,39,Consultant
https://www.twincoastenterprises.com/,199,Founder
https://www.unitedwayqc.org/,25,Creative Lead
https://www.usafinancial.com/,64,Founder
https://www.urbanise.com/,73,CTO
https://www.vagas.com.br/,98,Marketing Director
https://www.tpiaz.com/,25,Secretary
https://www.zstonecreations.com/,2525,Consultant
https://www.upsco.org/,28,Consultant
https://www.utacgroup.com/,10147,Manager
https://www.tuscom.com/,25,CEO
https://www.unitedsalt.com/,145,President
https://www.uttarafinance.com/,186,Consultant
https://www.unvienna.org/,285,Director
https://www.uriahproducts.com/,25,Managing Partner
https://www.usamedicalsupply.com/,25,Manager
https://www.unbonline.com/,25,Managing Partner
https://www.united-power.com/,34,Lead Developer
https://www.tuttleconstruction.com/,142,Account Manager
https://www.zinio.com/,374,Manager
https://www.tuune.com/,25,CTO
https://www.vactruckrental.com/,146,Account Manager
https://www.zapenergyinc.com/,60,Analyst
https://www.tubesupply.com/,80,Product Manager
https://www.unitedoilco.com/,25,Creative Lead
https://www.twincitysecurityal.com/,309,Secretary
https://www.utilityalabama.com/,62,Founder
https://www.unops.org/,5000,CEO
https://urogpo.us.com/,43,Creative Lead
https://www.twisteetreat.com/,159,Solutions Architect
https://www.ulogusa.com/,52,Creative Lead
https://www.ultimatemfd.com/,25,Secretary
https://www.ufcw1400.ca/,25,Director
https://www.ramlowstein.com/,32,Managing Partner
https://www.twosixtech.com/,800,Creative Lead
https://www.urmstores.com/,2755,CEO
https://www.urologycentersalabama.com/,234,Lead Developer
https://www.utahpacificbridge.com/,65,Founder
https://www.ulbrich.com/,700,Director
https://www.ufwfoundation.org/,69,Creative Lead
https://www.israelrescue.org/,33,President
https://www.uemedgenta.com/,17443,Lead Developer
https://www.zaisgroup.com/,74,Solutions Architect
https://www.unionstudioarch.com/,25,President
https://www.utfi.org/,74,Creative Lead
https://www.tyemill.com/,25,Account Manager
https://www.twistercityhd.com/,76,CTO
https://www.uktv.co.uk/,313,Account Manager
https://www.uline.com/,9000,Marketing Director
https://www.trplaw.com/,52,Managing Partner
https://www.ustravel.com/,132,CTO
https://www.twistertrailer.com/,63,Secretary
https://www.unitedhoistandcrane.com/,25,Product Manager
https://www.uniguest.com/,554,President
https://www.urovo.com/,1373,Program Manager
https://www.unitedindustry.com/,25,Account Manager
https://www.tlsettlement.com/,25,Director
https://www.usautoforce.com/,2525,Lead Developer
https://www.ullink.com/,433,Secretary
https://www.uls.com/,88,Solutions Architect
https://www.unitedfoodbank.org/,33,Managing Partner
https://www.uefa.com/,643,Solutions Architect
https://www.unitedmaintenance.com/,98,Director
https://www.ulwr-inc.com/,108,Creative Lead
https://www.twosquarescience.com/,25,Creative Lead
https://www.urschel.com/,361,Product Manager
https://www.usrcdc.com/,2525,Product Manager
https://www.ultimatefordinc.com/,80,Analyst
https://www.unifiedwireandcable.com/,42,Marketing Director
https://www.uicpayworld.com/,207,Founder
https://www.uhclthesignal.com/,25,Account Manager
https://www.uio.no/,711,Manager
https://www.unifyworld.com/,8000,CTO
https://www.unifiedbrands.net/,676,Director
https://www.universaltx.com/,45,Creative Lead
https://www.ullafayettefoundation.org/,25,Marketing Director
https://www.ulmapackaging.com/,700,Lead Developer
https://www.ultraquip.com/,2525,Product Manager
https://www.ultiself.com/,25,Secretary
https://www.ultrapom.com/,25,Analyst
https://www.usbulktransport.com/,84,Lead Developer
https://www.twothirds.com/,35,Program Manager
https://www.zahid.com/,2974,Manager
https://www.unitedenergyservices.com/,25,Secretary
https://www.ultrahuman.com/,42,Marketing Director
https://www.uiacargo.com/,145,President
https://www.uniify.io/,25,Creative Lead
https://www.uscaresystems.com/,347,Account Manager
https://www.unitedlandservices.com/,1200,Founder
https://www.unitedmailingservices.com/,244,Lead Developer
https://www.unily.com/,370,CTO
https://www.unionoandp.com/,110,Managing Partner
https://www.unitedfibers.com/,25,CTO
https://www.uegl.com.hk/,2300,Marketing Director
https://www.usbus.com/,31,Founder
https://www.ufone.com/,1987,CEO
https://www.utahfoodservices.com/,88,CEO
https://www.trustudr.com/,73,Managing Partner
https://www.uccu.com/,504504,Managing Partner
https://www.ughealthcarecorporation.com/,1054,Consultant
https://www.unifonic.com/,500,Manager
https://www.unitedlocating.com/,210,Founder
https://www.uccenvironmental.com/,400,Creative Lead
https://www.utahbic.com/,31,Marketing Director
https://www.unified-team.com/,77,CEO
https://www.unimacgraphics.com/,142,Creative Lead
https://www.ultrastamping.com/,25,Creative Lead
https://www.urologyaustin.com/,243,CEO
https://www.uec-electronics.com/,116,Marketing Director
https://www.ufso1.com/,25,Founder
https://www.valere-health.com/,25,CEO
https://umbra.space/,25,Secretary
https://www.udtrucks.com/,5240,CTO
https://www.uniteddentalpartners.com/,380,Secretary
https://www.ultimo.com/,214,Secretary
https://www.unigestion.com/,250,Program Manager
https://www.unifyhs.com/,39,Manager
https://www.unitedheartland.com/,250250,Director
https://www.uspharmaltd.com/,92,Manager
https://www.unitedchem.com/,85,Program Manager
https://www.nyuhs.org/,6300,Founder
https://www.unifiedgrp.com/,108,CTO
https://www.urthcaffe.com/,312,Director
https://www.uft.org/,500500,Account Manager
https://www.unionsquareevents.com/,287,Account Manager
https://www.ucpaorwa.org/,201,Product Manager
https://www.tybermedical.com/,104,Manager
https://www.uscglobal.com/,231,CEO
https://www.uhinc.org/,29,Consultant
https://www.ultimatewireforms.com/,91,CEO
https://www.ultraplating.com/,25,Lead Developer
https://www.ultimatetows.com/,25,Program Manager
https://www.unilode.com/,642,Lead Developer
https://www.ufway.com/,35,Manager
https://www.unicorpinc.com/,25,Managing Partner
https://www.uswpmfg.com/,41,CTO
https://www.up.com/,30804,Marketing Director
https://www.ultratruckworks.com/,25,Product Manager
https://www.ukiahco.com/,2525,President
https://www.ursamajor.com/,216216,Product Manager
https://www.unionwinecompany.com/,37,Managing Partner
https://www.unitedhousingconnections.org/,30,Program Manager
https://www.uddeholm.com/,777,CTO
https://www.unitedcreditunion.com/,79,Analyst
https://www.urus.org/,5757,Director
https://www.ucardia.com/,49,Consultant
https://www.unitedfertilizer.com/,25,Creative Lead
https://www.midway.org/,184,Product Manager
https://www.ufc.com/,1740,Marketing Director
https://www.uempistons.com/,73,Creative Lead
https://www.ultramain.com/,115,Director
https://www.ul.com/,14892,Product Manager
https://www.ubh.org/,612,Product Manager
https://ultra.group/,4500,Manager
https://www.unidas.com.br/,2046,Manager
https://www.ujamaaconstruction.com/,79,Account Manager
https://www.usbiotek.com/,74,Analyst
https://www.ueonline.com/,130,Founder
https://www.uesystems.com/,243,Marketing Director
https://www.usverify.com/,25,Manager
https://www.urlinsgroup.com/,34,Consultant
https://www.uscallc.com/,115,Director
https://www.uste3.com/,148,Solutions Architect
https://www.uglyducklingpresse.org/,65,Manager
https://www.ultratantoday.com/,4040,Lead Developer
https://www.ucsfbenioffchildrens.org/,6500,CTO
https://www.unipartrail.com/,684,Product Manager
https://www.urologicspecialists.com/,99,Lead Developer
https://www.unionservice.com/,31,Creative Lead
https://www.roundtablegroup.com/,25,CTO
https://www.ugs.com/,497,Marketing Director
https://www.unionsavings.com/,502,CEO
https://www.ucs-inc.com/,260,Account Manager
https://www.uchida.co.jp/,3241,Director
https://www.uniformcolor.com/,306,Consultant
https://www.ultratech.com/,582,Program Manager
https://www.united4wd.org/,25,Manager
https://www.usaracquetball.com/,25,CEO
https://www.twoocean.com/,25,Marketing Director
https://www.utemountaincasino.com/,636,Account Manager
https://www.uhgl-gh.com/,25,Managing Partner
https://www.universityclinicalhealth.com/,515,President
https://www.usautosupplymi.com/,25,CEO
https://www.ugtechnologies.com/,207,CTO
https://www.uschrome.com/,96,Director
https://www.unionstreetautosales.com/,25,Director
https://www.unitedgrain.com/,99,CEO
https://www.ultracommerce.co/,100,CEO
https://www.uniteddebtcounselors.com/,115,Account Manager
https://www.us-bangla.com/,357,Manager
https://www.uuinsurance.com/,100,Consultant
https://www.unionhealth.org/,167,Product Manager
https://www.unw.ca/,31,Managing Partner
https://www.ulterion.com/,25,Secretary
https://www.uesfacts.org/,35,Product Manager
https://www.unitedmgtsvc.com/,58,Analyst
https://www.ust-env.com/,25,Secretary
https://www.tycoonconstruction.com/,200,Lead Developer
https://www.unifly.aero/,64,Account Manager
https://www.uci-fram.com/,105,Secretary
https://www.ufl-football.com/,123,Creative Lead
https://www.ugg.com/,81,President
https://www.unitedmo.com/,50,Account Manager
https://www.ulupalakuaranch.com/,29,Product Manager
https://www.ultraenviroflex.com/,25,Lead Developer
https://www.ultratechinc.com/,109,Account Manager
https://www.unitedgamingllc.com/,67,Founder
https://www.twistedyarnshop.com/,25,Founder
https://www.unitedhomecare.com/,800,Director
https://www.unilever.ca/,2240,Solutions Architect
https://www.utahfoodbank.org/,500,Secretary
https://www.zahnpaving.com/,25,Solutions Architect
https://www.uscapglobal.com/,25,Manager
https://www.uaginc.com/,550,Founder
https://www.utahtank.com/,64,Lead Developer
https://www.uscentury.com/,196,CEO
https://www.ultrastarmovies.com/,44,Lead Developer
https://www.unifiller.com/,228,Lead Developer
https://www.unifiedlife.com/,7373,Solutions Architect
https://www.unifyconsulting.com/,540,Consultant
https://www.ucwlogistics.com/,2525,Manager
https://www.union54.com/,2525,Consultant
https://www.ugroupmedia.com/,28,Manager
https://www.omz.ru/,16988,President
https://www.usseryprinting.com/,74,CEO
https://www.umglobal.com/,90,Consultant
https://www.ucore.com/,25,Solutions Architect
https://www.usapparelonline.com/,26,Solutions Architect
https://www.us-ac.com/,417,Creative Lead
https://www.udchalo.com/,208,Product Manager
https://www.unifiedemployeebenefits.com/,25,Analyst
https://www.usbrick.com/,347,Consultant
https://www.urologyspecialistsnc.com/,124,Account Manager
https://tx.group/,3318,Creative Lead
https://www.txtgroup.com/,2734,Lead Developer
https://www.ultralitesystems.com/,25,CTO
https://www.unifac.com/,1200,Consultant
https://www.umholdings.com/,450,President
https://www.uniformsetc-opks.com/,25,Creative Lead
https://www.uss.com/,248,Product Manager
https://www.ultimateinnovations.com/,117,Account Manager
https://www.ussiinc.com/,3636,Program Manager
https://www.ultraarmoring.com/,79,Lead Developer
https://www.uamps.com/,39,Secretary
https://www.twobearcapital.com/,2525,Managing Partner
https://www.two95intl.com/,150,Marketing Director
https://www.uig.net/,255,Consultant
https://www.ultratune.com.au/,158,Director
https://www.tworiversford.com/,91,President
https://www.urologypartners.net/,25,CEO
https://www.unitedfishingagency.com/,28,Analyst
https://www.udmsystems.com/,60,Account Manager
https://www.ultramc.com/,285,Lead Developer
https://www.unionstate.net/,93,Solutions Architect
https://www.classufcgym.com/,136,President
https://www.twistedpairmedia.com/,25,Consultant
https://www.tworiversglass.com/,26,Secretary
https://www.ussconstitutionmuseum.org/,37,President
https://www.ums-neiken.com/,69,Lead Developer
https://www.udwa.org/,6868,Product Manager
https://www.udalllaw.com/,40,CEO
https://www.ultraboard.com/,111,Founder
https://www.twosathleticclub.com/,25,Lead Developer
https://www.uiic.co.in/,13916,CTO
https://www.udcqatar.com/,625,Secretary
https://www.ussnet.co.jp/,1102,CEO
https://www.unifirst.com/,16000,Founder
https://www.uniphore.com/,800,Product Manager
https://www.ucrya.com/,785785,President
https://www.twixor.com/,75,Program Manager
https://www.usbridge.com/,77,Director
https://www.utilityindustrial.com/,2525,Creative Lead
https://www.umainstruments.com/,26,Consultant
https://www.urpantech.com/,200,Manager
https://www.unifiedwomenshealthcare.com/,829,President
https://www.udcus.com/,432,Program Manager
https://www.ursacoop.com/,86,Marketing Director
https://www.unikrn.com/,74,CEO
https://www.ukmail.com/,2434,Account Manager
https://www.ulatus.com/,283,Analyst
https://www.utacceram.com/,447,CTO
https://www.unifiedinfotech.net/,200,Consultant
https://www.txvia.com/,364,Analyst
https://www.unitedelectric.com/,500,Solutions Architect
https://www.urologysavannah.com/,81,Director
https://www.unionsteel.com.sg/,549,CTO
https://www.unionstationshoeshine.com/,25,Manager
https://www.ulupono.com/,25,Program Manager
https://www.ufcw.org/,1001,Product Manager
https://www.unificom.com/,25,Managing Partner
https://www.unitedhardware.com/Default.aspx,307,Account Manager
https://www.uelifesciences.com/,85,CEO
https://www.ulrichmedicalconcepts.com/,30,Account Manager
https://www.gousxl.com/,74,Marketing Director
https://www.usamericanconcrete.com/,67,Lead Developer
https://www.urtechmfg.com/,200,Product Manager
https://www.usassure.com/,122,Consultant
https://www.unifiedintermodal.com/,101101,Manager
https://www.ulegrp.com/,79,Solutions Architect
https://www.ultra-poly.com/,113,Founder
https://www.unitedfinance.com/,74,Director
https://www.twoharborsinvestment.com/,466,Manager
https://www.ulitzer.com/,107,President
https://www.ultraviolette.com/,239,Consultant
https://www.twtdistributing.com/,25,Managing Partner
https://www.utahfirst.com/,98,Solutions Architect
https://www.uea-inc.com/,115,CEO
https://www.utfcu.org/,80,Managing Partner
https://www.ugcorp.com/,613,CTO
https://www.usbfs.com/,7272,CEO
https://www.tybo.ca/,6464,Lead Developer
https://www.ulvac.co.jp/,6264,Lead Developer
https://www.twowaygj.com/,25,Product Manager
https://www.uniongospelmission.org/,261,Marketing Director
https://www.unilever.co.uk/,7474,Secretary
https://www.2t.com/,144,CEO
https://www.unionparkbuickgmc.com/,45,Solutions Architect
https://www.ursanav.com/,25,Manager
https://www.unitedlegwear.com/,244,CTO
https://www.ulgcompanies.com/,173,Founder
https://www.uciconstructs.com/,153,Founder
https://www.teamuis.com/,68,Founder
https://www.umed.io/,25,Creative Lead
https://www.unicornmoving.com/,25,Marketing Director
https://www.unifyed.com/,67,President
https://www.ultimatetoys.com/,30,CEO
https://www.uftringnissan.net/,25,CEO
https://www.unitedengtech.com/,25,Creative Lead
https://www.unifiedagsolutions.com/,25,Analyst
https://www.uros.com/,73,Manager
https://www.twitchellcorp.com/,330,Manager
https://www.unidev.com/,31,Program Manager
https://ula.app/,131,CEO
https://www.ucsusa.org/,272,Marketing Director
https://www.ufcmn.com/,363,Managing Partner
https://www.ugn.com/,1650,Lead Developer
https://www.tydingslaw.com/,6767,Lead Developer
https://www.unifeeder.com/,1100,Founder
https://www.twma.co.uk/,330,Lead Developer
https://www.uintahgroup.com/,151,Lead Developer
https://www.uniongeneralhealthsystem.com/,124,Director
https://www.us-aluminum.com/,28,Managing Partner
https://www.upsecurities.com/,25,Marketing Director
https://www.urlpharma.com/,686,Program Manager
https://www.usacs.com/,3389,Product Manager
https://www.ucsspirit.com/,128,Solutions Architect
https://www.utechcorp.com/,118,Lead Developer
https://www.uniteddigestive.com/,889,Managing Partner
https://www.unitedhhc.com/,66,Consultant
https://www.ultrasourceusa.com/,133,Director
https://www.creditmate.in/,80,Managing Partner
https://www.utair.ru/,3823,Marketing Director
https://www.usbair.com/,635635,Manager
https://www.uniformsbybayou.com/,35,Marketing Director
https://www.unicreditgroup.eu/,70752,Managing Partner
https://www.uscwealth.com/,144,President
https://www.unionpaving.com/,112,Product Manager
https://www.uitprod.com/,35,Director
https://www.unitedlabsinc.com/,308,Program Manager
https://www.uniteddisciples.org/,25,Manager
https://www.ucphuntsville.org/,25,Product Manager
https://www.uscapcorp.com/,25,Director
https://www.udelhoven.com/,278,Manager
https://www.ucihealth.org/,1178511785,Solutions Architect
https://www.rogueenergyservices.com/,108,CEO
https://www.tydenbrooks.com/,799,Manager
https://www.udhgroup.com/,1000,Program Manager
https://www.unifi.com/,2600,Director
https://www.urnerbarry.com/,82,Program Manager
https://www.usacrylic.com/,60,Consultant
https://www.udac.org/,81,Director
https://tft.ucla.edu/,591,Analyst
https://www.usal.com/,292,Manager
https://www.unitedgroup.com/,139,Secretary
https://www.ucommune.com/,269,Director
https://www.udfinc.com/,3000,CTO
https://www.ufifilters.com/,3993,President
https://www.unitedenvelope.com/,257,Creative Lead
https://www.tworiverslawgroup.com/,25,Manager
https://www.uospc.com/,77,Account Manager
https://www.udiga.com/,643,Director
https://www.ugur.com/,2000,Secretary
https://www.unitedheritage.com/,193,Founder
https://umaritime.com/,25,Analyst
https://www.utahscientific.com/,64,Secretary
https://www.txidigital.com/,75,Lead Developer
https://www.ulmaconstruction.ca/,25562556,Marketing Director
https://www.unitedhomeins.com/,39,CEO
https://www.uchimurarobotics.com/,25,Marketing Director
https://www.unitedlogistics.net/,25,Product Manager
https://www.ueci.com/,390,Solutions Architect
https://www.uscargosystems.com/,104,Product Manager
https://www.unifiedpowerusa.com/,200,Managing Partner
https://www.unitedfidelity.com/,51,Marketing Director
https://www.ufsnm.com/,25,Product Manager
https://www.ucsfhealth.org/,12000,Program Manager
https://www.zajacllc.com/,110,President
https://www.utahffa.org/,211,Manager
https://www.union-park.com/,25,CEO
https://www.unitedfiberglass.com/,25,Solutions Architect
https://www.usystems.co.uk/,89,Founder
https://www.zalaris.com/,1007,Secretary
https://www.usbsi.com/,114,Secretary
https://www.ultrasteak.com/,3000,Solutions Architect
https://www.unitedhomelife.com/,5050,Founder
https://www.unionsquare.org/,86,Analyst
https://www.ultraflexx.com/,72,Consultant
https://www.unifund.com/,125,Managing Partner
https://www.ultimateautoplex.com/,2525,CEO
https://www.utecit.com/,25,CEO
https://www.twistedpixelgames.com/,25,Manager
https://www.unitedfilters.com/,25,Account Manager
https://www.us-architectural.com/,25,Founder
https://www.ucscompanies.com/,71,President
https://www.unitedhomesgroup.com/,148,Founder
https://www.ultra-prologic.com/,25,Secretary
https://www.txrservices.com/,39,Founder
https://www.tyco.com/,50323,CEO
https://www.ufcw21.org/,621621,Manager
https://www.zakeke.com/,60,Product Manager
https://www.ursusinc.com/,167,Founder
https://www.udecott.com/,438438,Lead Developer
https://www.union-power.com/,158158,Founder
https://www.unilabs.com/,14200,Founder
https://www.urvenue.com/,39,Analyst
https://www.ultimusfundsolutions.com/,850,Lead Developer
https://www.udatechnologies.com/,60,CTO
https://www.uel.sg/,121,Marketing Director
https://www.budgetsaudi.com/,400,Lead Developer
https://www.ukrainiancu.com/,132,Product Manager
https://www.ugrocapital.com/,1261,Secretary
https://www.unified.org/,450,Program Manager
https://www.ukropshomestylefoods.com/,198,Secretary
https://www.usuiusa.com/,734,Secretary
https://www.airstreamofchicago.com/,40,Lead Developer
https://www.borax.com/,25,Creative Lead
https://www.urogen.com/,200,President
https://www.ugaoo.com/,200,Product Manager
https://www.ultihash.io/,25,Solutions Architect
https://www.uilicious.com/,25,Consultant
https://www.ultra-os.com/,146,CEO
https://umpa.energy/,27,Solutions Architect
https://www.unipharclinical.com/,25,Managing Partner
https://www.ulrichmedicalusa.com/,350,Account Manager
https://www.ueinternational.org/,2525,CTO
https://www.usalliancepaper.com/,359,Managing Partner
https://www.uspta.com/,105,Director
https://www.utfreight.com/,101,President
https://www.zaloumiscontracting.com/,188,Account Manager
https://www.usbancorpassetmanagement.com/,5353,Program Manager
https://www.zama.ai/,78,Consultant
https://www.uniphos-she.com/,358,Creative Lead
https://www.uniteddrugsupply.com/,25,Solutions Architect
https://www.uemsunrise.com/,804,Managing Partner
https://www.tworiversmarketing.com/,147,Solutions Architect
https://www.utaxsoftware.com/,3232,CTO
https://www.ucor.com/,1800,CTO
https://www.unitedlawnscape.com/,78,Solutions Architect
https://www.twistedx.com/,37,Secretary
https://www.uniformadvantage.com/,493,Secretary
https://www.usboiler.net/,119,Manager
https://www.twoscompany.com/,100,CTO
https://www.united-dynamics.com/,37,CEO
https://www.creditservices.com/,27,Product Manager
https://www.theultimatellc.com/,28,Manager
https://www.usarugby.org/,95,President
https://www.tworoadsco.com/,41,Analyst
https://www.umsonline.net/,25,Product Manager
https://www.utahbehaviorservices.com/,373,Lead Developer
https://www.udtonline.com/,300,Solutions Architect
https://www.udvc.org/,25,CEO
https://www.twsfs.com/,170,Marketing Director
https://www.ucpm.com/,90,Manager
https://www.utahlawn.com/,58,Account Manager
https://www.ucpheartland.org/,224,Consultant
https://www.twodegrees.com/,276276,Secretary
https://www.ufa.com/,928,Lead Developer
https://www.ukko.ag/,25,Secretary
https://www.tyusa.net/,80,Managing Partner
https://www.unikey.com/,30,CEO
https://www.usarenovations.com/,119,Marketing Director
https://www.ultimaker.com/,388,Secretary
https://www.ulrichford.com/,31,Director
https://www.uvcyber.com/,400,Founder
https://www.uromems.com/,3333,Secretary
https://www.unitedfiberoptics.com/,25,Product Manager
https://www.usbottlers.com/,98,Consultant
https://www.unionmutual.com/,113,Creative Lead
https://www.ultradist.com/,25,Product Manager
https://www.usiavionics.com/,33,Analyst
https://www.uhc.com/,125000,Account Manager
https://www.usairwaysmag.com/,3002,Director
https://www.uthealthresearch.com/,25,CEO
https://www.unionpayintl.com/,599,Managing Partner
https://www.unitedinsurance.net/,142,Solutions Architect
https://www.ulalaunch.com/,2700,Director
https://www.unilin.com/,4523,Program Manager
https://www.ucu.org.uk/,142,Secretary
https://www.zalora.com/,23972397,Secretary
https://www.uci.com.au/,74,Creative Lead
https://www.uniontractor.com/,81,CEO
https://www.unicredit.ro/,2906,Lead Developer
https://www.bunge.com/,23000,President
https://www.caci.com/,23000,Product Manager
https://phillips66.com/,14000,Managing Partner
